[
    {
        "px": "11",
        "pt": "8"
    },
    {
        "px": "12",
        "pt": "9"
    },
    {
        "px": "13",
        "pt": "10"
    },
    {
        "px": "15",
        "pt": "11"
    },
    {
        "px": "16",
        "pt": "12"
    },
    {
        "px": "19",
        "pt": "14"
    },
    {
        "px": "22",
        "pt": "16"
    },
    {
        "px": "24",
        "pt": "18"
    },
    {
        "px": "32",
        "pt": "24"
    },
    {
        "px": "40",
        "pt": "30"
    },
    {
        "px": "48",
        "pt": "36"
    },
    {
        "px": "64",
        "pt": "48"
    },
    {
        "px": "80",
        "pt": "60"
    },
    {
        "px": "96",
        "pt": "72"
    },
    {
        "px": "128",
        "pt": "96"
    }
]